"DESCRIPTION","DURATION IN MS","NAME","PARENT SUITE","START TIME","STATUS","STOP TIME","SUB SUITE","SUITE","TEST CLASS","TEST METHOD"
"","698","Delete Spending[Chromium-Joshuaborough-School]","tests.ui","Sun Mar 15 16:19:25 UTC 2026","passed","Sun Mar 15 16:19:26 UTC 2026","TestSpendPage","test_spending","",""
"","11","Get User Info By Not Exist Username","tests.soap","Sun Mar 15 16:19:32 UTC 2026","passed","Sun Mar 15 16:19:32 UTC 2026","TestSoapNiffler","test_soap","",""
"","36","Get All Categories[Chromium-Awesome]","tests.api","Sun Mar 15 16:18:55 UTC 2026","passed","Sun Mar 15 16:18:55 UTC 2026","TestCategory","test_api_category","",""
"","152","Message Should Be Produced To Kafka After Successful Registration","tests.kafka","Sun Mar 15 16:19:32 UTC 2026","passed","Sun Mar 15 16:19:32 UTC 2026","TestAuthRegistrationKafka","test_kafka","",""
"","370","Registration New User[Chromium]","tests.ui","Sun Mar 15 16:19:08 UTC 2026","passed","Sun Mar 15 16:19:08 UTC 2026","TestAuthentication","test_login_page","",""
"","41","Message Should Be Produced To Userdata After Kafka Event","tests.kafka","Sun Mar 15 16:19:32 UTC 2026","passed","Sun Mar 15 16:19:32 UTC 2026","TestAuthRegistrationKafka","test_kafka","",""
"","5","Currency Conversion[100.0-2-1-6666.67]","tests.grpc","Sun Mar 15 16:19:32 UTC 2026","passed","Sun Mar 15 16:19:32 UTC 2026","TestCalculateRate","test_calculate_rate","",""
"","11","Get User Info By Exist Username","tests.soap","Sun Mar 15 16:19:32 UTC 2026","passed","Sun Mar 15 16:19:32 UTC 2026","TestSoapNiffler","test_soap","",""
"","4","Get All Currencies","tests.grpc","Sun Mar 15 16:19:32 UTC 2026","passed","Sun Mar 15 16:19:32 UTC 2026","TestGrpcCurrency","test_get_all_currency","",""
"","655","Delete Spending After Action[Chromium-Qa.Guru Python Advanced 2-Car]","tests.ui","Sun Mar 15 16:19:27 UTC 2026","passed","Sun Mar 15 16:19:28 UTC 2026","TestSpendPage","test_spending","",""
"","8","Calculate Rate Without Desired Currency","tests.grpc","Sun Mar 15 16:19:32 UTC 2026","passed","Sun Mar 15 16:19:32 UTC 2026","TestCalculateRate","test_calculate_rate","",""
"","605","Delete All Spending[Chromium-West Melanieview-City]","tests.ui","Sun Mar 15 16:19:29 UTC 2026","passed","Sun Mar 15 16:19:29 UTC 2026","TestSpendPage","test_spending","",""
"","1216","Edit Spending Currency Usd[Chromium-Herrerafurt-Country]","tests.ui","Sun Mar 15 16:19:31 UTC 2026","passed","Sun Mar 15 16:19:32 UTC 2026","TestSpendPage","test_spending","",""
"","56","Add Spend Without Description[Chromium]","tests.api","Sun Mar 15 16:19:00 UTC 2026","passed","Sun Mar 15 16:19:00 UTC 2026","TestApiSpends","test_api_spends","",""
"","147","Add New Category[Chromium]","tests.api","Sun Mar 15 16:18:55 UTC 2026","passed","Sun Mar 15 16:18:55 UTC 2026","TestCategory","test_api_category","",""
"","0","Api Auth[Chromium]","tests.api","Sun Mar 15 16:18:57 UTC 2026","passed","Sun Mar 15 16:18:57 UTC 2026","TestApiSpends","test_api_spends","",""
"","459","Create New Spending[Chromium]","tests.ui","Sun Mar 15 16:19:21 UTC 2026","passed","Sun Mar 15 16:19:21 UTC 2026","TestSpendPage","test_spending","",""
"","112","Navigate From Authorization To Registration[Chromium]","tests.ui","Sun Mar 15 16:19:11 UTC 2026","passed","Sun Mar 15 16:19:11 UTC 2026","TestAuthentication","test_login_page","",""
"","60","Add Spend With Minimal Amount[Chromium]","tests.api","Sun Mar 15 16:19:01 UTC 2026","passed","Sun Mar 15 16:19:01 UTC 2026","TestApiSpends","test_api_spends","",""
"","50","Remove Spend[Chromium-Lake Curtis]","tests.api","Sun Mar 15 16:19:02 UTC 2026","passed","Sun Mar 15 16:19:02 UTC 2026","TestApiSpends","test_api_spends","",""
"","58","Add Spend With Category Name[Chromium]","tests.api","Sun Mar 15 16:18:59 UTC 2026","passed","Sun Mar 15 16:18:59 UTC 2026","TestApiSpends","test_api_spends","",""
"","1090","Delete Spending Via Ui[Chromium]","tests.ui","Sun Mar 15 16:19:23 UTC 2026","passed","Sun Mar 15 16:19:24 UTC 2026","TestSpendPage","test_spending","",""
"","155","Add Empty Name Category[Chromium]","tests.ui","Sun Mar 15 16:19:15 UTC 2026","passed","Sun Mar 15 16:19:16 UTC 2026","TestCategories","test_profile_page","",""
"","11","Calculate Rate","tests.grpc","Sun Mar 15 16:19:32 UTC 2026","passed","Sun Mar 15 16:19:32 UTC 2026","TestCalculateRate","test_calculate_rate","",""
"","330","Registration New User With Forbidden Name[Chromium]","tests.ui","Sun Mar 15 16:19:13 UTC 2026","passed","Sun Mar 15 16:19:13 UTC 2026","TestAuthentication","test_login_page","",""
"","23","Profile Title[Chromium]","tests.ui","Sun Mar 15 16:19:18 UTC 2026","passed","Sun Mar 15 16:19:18 UTC 2026","TestProfileInfo","test_profile_page","",""
"","7","Check Spend In Db[Chromium-Some-Database]","tests.ui","Sun Mar 15 16:19:07 UTC 2026","passed","Sun Mar 15 16:19:07 UTC 2026","TestDatabase","test_category_db","",""
"","5","Currency Conversion[100.0-2-2-100.0]","tests.grpc","Sun Mar 15 16:19:32 UTC 2026","passed","Sun Mar 15 16:19:32 UTC 2026","TestCalculateRate","test_calculate_rate","",""
"","39","Update Spend Description[Chromium-New Roberttown-Vehicles]","tests.api","Sun Mar 15 16:19:03 UTC 2026","passed","Sun Mar 15 16:19:03 UTC 2026","TestApiSpends","test_api_spends","",""
"","285","Add Spend[Chromium]","tests.api","Sun Mar 15 16:18:58 UTC 2026","passed","Sun Mar 15 16:18:58 UTC 2026","TestApiSpends","test_api_spends","",""
"","166","Add Same Category[Chromium-School]","tests.ui","Sun Mar 15 16:19:17 UTC 2026","passed","Sun Mar 15 16:19:17 UTC 2026","TestCategories","test_profile_page","",""
"","170","Create Category[Chromium]","tests.ui","Sun Mar 15 16:19:14 UTC 2026","passed","Sun Mar 15 16:19:15 UTC 2026","TestCategories","test_profile_page","",""
"","102","Spending Title Statistic Exists[Chromium]","tests.ui","Sun Mar 15 16:19:20 UTC 2026","passed","Sun Mar 15 16:19:20 UTC 2026","TestSpendPage","test_spending","",""
"","228","Create User Name[Chromium]","tests.ui","Sun Mar 15 16:19:18 UTC 2026","passed","Sun Mar 15 16:19:19 UTC 2026","TestProfileInfo","test_profile_page","",""
"","266","Login User With Invalid Login Or Password[Chromium]","tests.ui","Sun Mar 15 16:19:12 UTC 2026","passed","Sun Mar 15 16:19:12 UTC 2026","TestAuthentication","test_login_page","",""
"","32","Update Spend Currency Eur[Chromium-New Jamesside-Vehicles]","tests.api","Sun Mar 15 16:19:04 UTC 2026","passed","Sun Mar 15 16:19:04 UTC 2026","TestApiSpends","test_api_spends","",""
"","1109","Authentication User[Chromium]","tests.ui","Sun Mar 15 16:19:09 UTC 2026","passed","Sun Mar 15 16:19:10 UTC 2026","TestAuthentication","test_login_page","",""
"","5","Currency Conversion[100.0-1-2-1.5]","tests.grpc","Sun Mar 15 16:19:32 UTC 2026","passed","Sun Mar 15 16:19:32 UTC 2026","TestCalculateRate","test_calculate_rate","",""
"","9","Check Category In Database[Chromium-Lisatown-Database]","tests.ui","Sun Mar 15 16:19:06 UTC 2026","passed","Sun Mar 15 16:19:06 UTC 2026","TestDatabase","test_category_db","",""
